animate inanimate
animate inanimate, Fire Creature
animate inanimate, Inanimate Object
animate inanimate, Inkblot
animate inanimate, Living Clothing
animate inanimate, Living Doll
animate inanimate, Living Fruit
animate inanimate, Living Inflatable
animate inanimate, Living Plushie
animate inanimate, Mineral Fauna
animate inanimate, Penis Creature
animate inanimate, Shadow Creature
animate inanimate, cell \(organism\)
animate inanimate, chua
animate inanimate, draconic, Gargoyle
animate inanimate, eldritch horror, Tentacle Monster
animate inanimate, eldritch horror, flesh creature
animate inanimate, food-based, Food Creature
animate inanimate, gelatinous, Goo Creature
animate inanimate, koraidon
animate inanimate, living candy
animate inanimate, living piñata
animate inanimate, machine, robot, Digital Creature
animate inanimate, machine, robot, Living Aircraft
animate inanimate, machine, robot, Living Machine
animate inanimate, machine, robot, Living Vehicle
animate inanimate, microorganism \(organism\)
animate inanimate, mineral fauna, Elemental Creature
animate inanimate, mineral fauna, Rock Creature
anthro, ambiguous species
anthro, amphibian, amphibian
anthro, amphibian, anura, toad frog
anthro, amphibian, axolotl
anthro, amphibian, frog
anthro, amphibian, mole salamander
anthro, amphibian, newt
anthro, amphibian, salamander
anthro, avian, Mythological Avian
anthro, avian, Mythological Firebird
anthro, avian, Phoenix
anthro, avian, bird
anthro, avian, bird, accipitrid, accipitrid
anthro, avian, bird, accipitrid, old world vulture
anthro, avian, bird, accipitrid, philippine eagle
anthro, avian, bird, accipitriform, accipitriform
anthro, avian, bird, accipitriform, bald eagle
anthro, avian, bird, accipitriform, eagle
anthro, avian, bird, accipitriform, sea eagle
anthro, avian, bird, accipitriform, vulture
anthro, avian, bird, anatidae, anserinae
anthro, avian, bird, anseriform, anatid
anthro, avian, bird, anseriform, anseriform
anthro, avian, bird, anseriform, duck
anthro, avian, bird, avian, avian
anthro, avian, bird, cacatuidae, cockatoo
anthro, avian, bird, charadriiform, lari
anthro, avian, bird, columbiform, columbid
anthro, avian, bird, columbiform, pigeon
anthro, avian, bird, corvid, blue jay
anthro, avian, bird, corvid, corvid
anthro, avian, bird, corvid, corvus \(genus\)
anthro, avian, bird, corvid, crow
anthro, avian, bird, corvid, jay \(bird\)
anthro, avian, bird, corvid, new world jay
anthro, avian, bird, corvidae, magpie \(corvid\)
anthro, avian, bird, falconiform, falcon
anthro, avian, bird, falconiform, falconid
anthro, avian, bird, galliform, galliform
anthro, avian, bird, laridae, gull
anthro, avian, bird, laridae, larid
anthro, avian, bird, oscine, oscine
anthro, avian, bird, passerine, hirundinid
anthro, avian, bird, passerine, passerine
anthro, avian, bird, passerine, raven
anthro, avian, bird, passerine, swallow \(bird\)
anthro, avian, bird, pelecaniformes, pelecaniform
anthro, avian, bird, phasianid, chicken
anthro, avian, bird, phasianid, gallus \(genus\)
anthro, avian, bird, phasianid, peafowl
anthro, avian, bird, phasianid, phasianid
anthro, avian, bird, phasianid, turkey
anthro, avian, bird, phoenicopteridae, flamingo
anthro, avian, bird, psittacidae, macaw
anthro, avian, bird, psittacidae, neotropical parrot
anthro, avian, bird, psittacidae, parakeet
anthro, avian, bird, psittaciform, parrot
anthro, avian, bird, psittaciform, true parrot
anthro, avian, bird, ramphastidae, toucan
anthro, avian, bird, sagittariidae, secretary bird
anthro, avian, bird, spheniscidae, penguin
anthro, avian, bird, strigidae, bubo \(genus\)
anthro, avian, bird, strigidae, snowy owl
anthro, avian, bird, strigidae, true owl
anthro, avian, bird, strigiform, owl
anthro, avian, bird, turdidae, thrush \(bird\)
anthro, canid, Wendigo
anthro, equine, winged, Winged Unicorn
anthro, hybrid
anthro, hybrid, Chimera
anthro, hybrid, Mythological Sphinx
anthro, hybrid, avian/mammal, Gryphon
anthro, hybrid, canid/demonic, Canid Demon
anthro, hybrid, demonic canine, Hellhound
anthro, hybrid, equine/avian, Hippogriff
anthro, hybrid, feline, Nekomata
anthro, hybrid, goat/demonic, Caprine Demon
anthro, hybrid, goat/demonic, Goat Demon
anthro, hybrid, owl/demonic, Owl Demon
anthro, hybrid, plant/animal, Flora Fauna
anthro, mammal, afrosoricida, afrosoricid
anthro, mammal, ailuridae, ailurid
anthro, mammal, ailuridae, giant panda
anthro, mammal, ailuridae, red panda
anthro, mammal, bovid, antelope
anthro, mammal, bovid, cape buffalo
anthro, mammal, bovid, gazelle
anthro, mammal, bovid, grazing antelope
anthro, mammal, bovid, holstein friesian cattle
anthro, mammal, bovid, miltank
anthro, mammal, bovid, oryx
anthro, mammal, bovid, true antelope
anthro, mammal, bovid, yak
anthro, mammal, bovine, bovid
anthro, mammal, bovine, bovine
anthro, mammal, bovine, cattle
anthro, mammal, camelid, alpaca
anthro, mammal, camelid, camelid
anthro, mammal, camelid, llama
anthro, mammal, canid, Cerberus
anthro, mammal, canid, Dire Wolf
anthro, mammal, canid, Sparkledog
anthro, mammal, canid, african wild dog
anthro, mammal, canid, anubian jackal
anthro, mammal, canid, arctic wolf
anthro, mammal, canid, coyote
anthro, mammal, canid, domestic dog
anthro, mammal, canid, jackal
anthro, mammal, canid, maned wolf
anthro, mammal, canid, raccoon dog
anthro, mammal, canid, red wolf
anthro, mammal, canid, sergal
anthro, mammal, canid, small molosser
anthro, mammal, canid, spitz
anthro, mammal, canid, tanuki
anthro, mammal, canid, urocyon
anthro, mammal, canid, wolf
anthro, mammal, canid, wolfdog
anthro, mammal, canine, Foo Dog
anthro, mammal, canine, akita
anthro, mammal, canine, alaskan malamute
anthro, mammal, canine, australian cattle dog
anthro, mammal, canine, australian shepherd
anthro, mammal, canine, basset hound
anthro, mammal, canine, beagle
anthro, mammal, canine, bernese mountain dog
anthro, mammal, canine, bird dog
anthro, mammal, canine, border collie
anthro, mammal, canine, borzoi
anthro, mammal, canine, bull terrier
anthro, mammal, canine, cattledog
anthro, mammal, canine, cavalier king charles spaniel
anthro, mammal, canine, chihuahua
anthro, mammal, canine, cocker spaniel
anthro, mammal, canine, collie
anthro, mammal, canine, dalmatian
anthro, mammal, canine, dingo
anthro, mammal, canine, dobermann
anthro, mammal, canine, german shepherd
anthro, mammal, canine, golden retriever
anthro, mammal, canine, great dane
anthro, mammal, canine, herding dog
anthro, mammal, canine, hunting dog
anthro, mammal, canine, husky
anthro, mammal, canine, labrador
anthro, mammal, canine, mastiff
anthro, mammal, canine, molosser
anthro, mammal, canine, mountain dog
anthro, mammal, canine, nordic sled dog
anthro, mammal, canine, pastoral dog
anthro, mammal, canine, pinscher
anthro, mammal, canine, pit bull
anthro, mammal, canine, pomeranian
anthro, mammal, canine, pomsky
anthro, mammal, canine, poodle
anthro, mammal, canine, retriever
anthro, mammal, canine, rottweiler
anthro, mammal, canine, rough collie
anthro, mammal, canine, saluki
anthro, mammal, canine, samoyed
anthro, mammal, canine, scent hound
anthro, mammal, canine, sheepdog
anthro, mammal, canine, shiba inu
anthro, mammal, canine, shih tzu
anthro, mammal, canine, siberian husky
anthro, mammal, canine, sighthound
anthro, mammal, canine, spaniel
anthro, mammal, canine, swiss mountain dog
anthro, mammal, canine, terrier
anthro, mammal, canine, toy dog
anthro, mammal, canine, welsh corgi
anthro, mammal, caprine, caprine
anthro, mammal, caprine, goat
anthro, mammal, caviidae, capybara
anthro, mammal, cercopithecidae, old world monkey
anthro, mammal, cervid, capreoline
anthro, mammal, cervid, cervine
anthro, mammal, cervid, deer
anthro, mammal, cervid, moose
anthro, mammal, cervid, mule deer
anthro, mammal, cervid, red deer
anthro, mammal, cervid, reindeer
anthro, mammal, cervid, white-tailed deer
anthro, mammal, chiropteran, bat
anthro, mammal, chiropteran, microbat
anthro, mammal, chiropteran, pteropodid
anthro, mammal, chiropteran, yangochiropteran
anthro, mammal, cingulata, armadillo
anthro, mammal, cricetidae, cricetid
anthro, mammal, dasyuromorph, dasyurid
anthro, mammal, dasyuromorph, dasyuromorph
anthro, mammal, dasyuromorph, thylacine
anthro, mammal, didelphidae, didelphid
anthro, mammal, didelphidae, possum
anthro, mammal, didelphidae, virginia opossum
anthro, mammal, draconic, Furred Dragon
anthro, mammal, equid, asinus
anthro, mammal, equid, clydesdale
anthro, mammal, equid, donkey
anthro, mammal, equid, draft horse
anthro, mammal, equid, earth pony
anthro, mammal, equid, equine
anthro, mammal, equid, horse
anthro, mammal, equid, pony
anthro, mammal, equid, zebra
anthro, mammal, equine , unicorn 
anthro, mammal, equine, Bat Pony
anthro, mammal, equine, Kirin
anthro, mammal, equine, Pegasus
anthro, mammal, equine/humanoid, Centaur
anthro, mammal, erinaceomorph, hedgehog
anthro, mammal, eulipotyphlan, eulipotyphlan
anthro, mammal, eupleridae, euplerid
anthro, mammal, felid, bengal tiger
anthro, mammal, felid, bobcat
anthro, mammal, felid, calico cat
anthro, mammal, felid, caracal
anthro, mammal, felid, caracal \(genus\)
anthro, mammal, felid, cheetah
anthro, mammal, felid, clouded leopard
anthro, mammal, felid, cougar
anthro, mammal, felid, domestic cat
anthro, mammal, felid, hairless cat
anthro, mammal, felid, hyena
anthro, mammal, felid, jaguar
anthro, mammal, felid, leopard
anthro, mammal, felid, leopardus
anthro, mammal, felid, lion
anthro, mammal, felid, lynx
anthro, mammal, felid, machairodontine
anthro, mammal, felid, maine coon
anthro, mammal, felid, ocelot
anthro, mammal, felid, pantherine
anthro, mammal, felid, serval
anthro, mammal, felid, siamese
anthro, mammal, felid, snow leopard
anthro, mammal, felid, spotted hyena
anthro, mammal, felid, sprigatito
anthro, mammal, felid, striped hyena
anthro, mammal, felid, tabby cat
anthro, mammal, felid, tiger
anthro, mammal, felid, wildcat
anthro, mammal, feline, Liger
anthro, mammal, feline, cat
anthro, mammal, feline, sphynx \(cat\)
anthro, mammal, feline, tuxedo cat
anthro, mammal, giraffid, okapi
anthro, mammal, giraffidae, giraffe
anthro, mammal, giraffidae, giraffid
anthro, mammal, herpestidae, herpestid
anthro, mammal, herpestidae, meerkat
anthro, mammal, herpestidae, mongoose
anthro, mammal, hippopotamidae, common hippopotamus
anthro, mammal, hippopotamidae, hippopotamid
anthro, mammal, hyenid, aardwolf
anthro, mammal, lagomorph, domestic rabbit
anthro, mammal, lagomorph, dwarf rabbit
anthro, mammal, lagomorph, hare
anthro, mammal, lagomorph, netherland dwarf rabbit
anthro, mammal, lagomorph, oryctolagus
anthro, mammal, lagomorph, rabbit
anthro, mammal, macropod, kangaroo
anthro, mammal, macropod, macropod
anthro, mammal, macropod, wallaby
anthro, mammal, marine, marine
anthro, mammal, marsupial, bandicoot
anthro, mammal, marsupial, koala
anthro, mammal, marsupial, marsupial
anthro, mammal, marsupial, vombatiform
anthro, mammal, mephitid, skunk
anthro, mammal, monotreme, echidna
anthro, mammal, monotreme, monotreme
anthro, mammal, murid, mouse
anthro, mammal, murid, murid
anthro, mammal, murid, murine
anthro, mammal, murid, rat
anthro, mammal, murid, rodent
anthro, mammal, mustelid, badger
anthro, mammal, mustelid, domestic ferret
anthro, mammal, mustelid, gulonine
anthro, mammal, mustelid, honey badger
anthro, mammal, mustelid, marten
anthro, mammal, mustelid, mephitid
anthro, mammal, mustelid, mink
anthro, mammal, mustelid, mustelid
anthro, mammal, mustelid, musteline
anthro, mammal, mustelid, otter
anthro, mammal, mustelid, pine marten
anthro, mammal, mustelid, river otter
anthro, mammal, mustelid, stoat
anthro, mammal, mustelid, striped skunk
anthro, mammal, mustelid, true musteline
anthro, mammal, mustelid, weasel
anthro, mammal, mustelid, wolverine
anthro, mammal, mustelid, zangoose
anthro, mammal, ovine, domestic sheep
anthro, mammal, ovine, sheep
anthro, mammal, phyllostomidae, phyllostomid
anthro, mammal, pilosa, pilosan
anthro, mammal, pilosan, sloth
anthro, mammal, pinniped, seal
anthro, mammal, pinniped, walrus
anthro, mammal, pinnipedia, pinniped
anthro, mammal, primate, Kong
anthro, mammal, primate, ape
anthro, mammal, primate, gorilla
anthro, mammal, primate, haplorhine
anthro, mammal, primate, lemur
anthro, mammal, primate, monkey
anthro, mammal, primate, primate
anthro, mammal, primate, ring-tailed lemur
anthro, mammal, primate, strepsirrhine
anthro, mammal, proboscidea, elephant
anthro, mammal, proboscidea, elephantid
anthro, mammal, proboscidea, proboscidean
anthro, mammal, procyonid, procyonid
anthro, mammal, procyonid, raccoon
anthro, mammal, rabbit/antelope hybrid, Jackalope
anthro, mammal, rhinocerotidae, rhinoceros
anthro, mammal, rodent, beaver
anthro, mammal, rodent, caviid
anthro, mammal, rodent, chinchilla
anthro, mammal, rodent, chinchillid
anthro, mammal, rodent, dipodid
anthro, mammal, rodent, eurasian red squirrel
anthro, mammal, rodent, hamster
anthro, mammal, rodent, jerboa
anthro, mammal, rodent, porcupine
anthro, mammal, sciurid, chipmunk
anthro, mammal, sciurid, ground squirrel
anthro, mammal, sciurid, rodent
anthro, mammal, sciurid, sciurid
anthro, mammal, sciurid, tree squirrel
anthro, mammal, suidae, domestic pig
anthro, mammal, suidae, suid
anthro, mammal, suidae, suina
anthro, mammal, suidae, sus \(pig\)
anthro, mammal, suidae, wild boar
anthro, mammal, talpidae, mole \(animal\)
anthro, mammal, tenrecidae, tenrec
anthro, mammal, tubulidentata, aardvark
anthro, mammal, ursid, american black bear
anthro, mammal, ursid, sloth bear
anthro, mammal, ursidae, black bear
anthro, mammal, ursidae, brown bear
anthro, mammal, ursidae, grizzly bear
anthro, mammal, ursidae, polar bear
anthro, mammal, ursidae, ursine
anthro, mammal, ursine, bear
anthro, mammal, vermilingua, anteater
anthro, mammal, viverrid, genet
anthro, mammal, viverridae, viverrid
anthro, mammal, vulpine, arctic fox
anthro, mammal, vulpine, cross fox
anthro, mammal, vulpine, fennec
anthro, mammal, vulpine, fox
anthro, mammal, vulpine, grey fox
anthro, mammal, vulpine, red fox
anthro, mammal, vulpine, silver fox
anthro, mammal, xenarthra, xenarthran
anthro, marine creatures, fish
anthro, marine mammal, cetacean, cetacean
anthro, marine mammal, cetacean, dolphin
anthro, marine mammal, cetacean, oceanic dolphin
anthro, marine mammal, cetacean, orca
anthro, marine mammal, cetacean, toothed whale
anthro, marine reptile, draconic, aquatic, Aquatic Dragon
anthro, marine, arthropod, crustacean, crab
anthro, marine, arthropod, crustacean, crustacean
anthro, marine, arthropod, crustacean, decapoda
anthro, marine, arthropod, crustacean, malacostracan
anthro, marine, cnidarian, cnidarian
anthro, marine, cnidarian, jellyfish
anthro, marine, cnidarian, medusozoan
anthro, marine, echinoderm, echinoderm
anthro, marine, echinoderm, starfish
anthro, marine, fish, actinopterygii, eel
anthro, marine, fish, cyprinid, amur carp
anthro, marine, fish, cyprinid, carp
anthro, marine, fish, cyprinid, koi
anthro, marine, fish, cyprinid, typical carp
anthro, marine, fish, cypriniformes, cyprinid
anthro, marine, fish, cypriniformes, cypriniform
anthro, marine, fish, elasmobranchii, lamniform
anthro, marine, fish, elasmobranchii, requiem shark
anthro, marine, fish, elasmobranchii, tiger shark
anthro, marine, fish, lamniformes, lamnid
anthro, marine, fish, rajiformes, batoid
anthro, marine, fish, selachimorpha, shark
anthro, marine, gastropod, aquatic gastropod
anthro, marine, invertebrate, mollusk, gastropod
anthro, marine, invertebrate, mollusk, mollusk
anthro, marine, invertebrate, star, Asterozoan
anthro, marine, mollusk, cephalopod, cephalopod
anthro, marine, mollusk, cephalopod, coleoid
anthro, marine, mollusk, cephalopod, decapodiform
anthro, marine, mollusk, cephalopod, octopodiform
anthro, marine, mollusk, cephalopod, octopus
anthro, marine, mollusk, cnidarian, anthozoan
anthro, marine, nudibranch, sea slug
anthro, marine, porifera, sea sponge
anthro, mixed breed
anthro, monstrous and varied, Monster
anthro, reptile, chelonian, turtle
anthro, reptile, crocodilian, crocodilian
anthro, reptile, crocodylid, alligator
anthro, reptile, crocodylid, alligatorid
anthro, reptile, crocodylid, crocodile
anthro, reptile, crocodylid, crocodylid
anthro, reptile, dinosaur, avian, Feathered Dinosaur
anthro, reptile, dinosaur, ceratopsian
anthro, reptile, dinosaur, dinosaur
anthro, reptile, dinosaur, diplodocid
anthro, reptile, dinosaur, dromaeosaurid
anthro, reptile, dinosaur, hadrosaurid
anthro, reptile, dinosaur, ornithischian
anthro, reptile, dinosaur, parasaurolophus
anthro, reptile, dinosaur, pterodactylus
anthro, reptile, dinosaur, pterosaur
anthro, reptile, dinosaur, sauropod
anthro, reptile, dinosaur, stegosaurian
anthro, reptile, dinosaur, stegosaurus
anthro, reptile, dinosaur, theropod
anthro, reptile, dinosaur, thyreophoran
anthro, reptile, dinosaur, triceratops
anthro, reptile, dinosaur, tyrannosaurid
anthro, reptile, dinosaur, tyrannosaurus
anthro, reptile, dinosaur, tyrannosaurus rex
anthro, reptile, dinosaur, velociraptor
anthro, reptile, draco, dragon 
anthro, reptile, draconic, Hydra
anthro, reptile, draconic, Kobold
anthro, reptile, draconic, Western Dragon
anthro, reptile, draconic, Wingless Dragon
anthro, reptile, draconic, avian, Feathered Dragon
anthro, reptile, draconic, multi-legged, Draconcopode
anthro, reptile, draconic, winged, Flying Wyvern
anthro, reptile, draconic, winged, Wyvern
anthro, reptile, mammal, draconic, Eastern Dragon
anthro, reptile, mammal, furry, Furred Reptilian
anthro, reptile, snake, cobra
anthro, reptile, snake, pit viper
anthro, reptile, snake, python
anthro, reptile, snake, rattlesnake
anthro, reptile, snake, snake
anthro, reptile, snake, viper
anthro, reptile, squamate, agamid
anthro, reptile, squamate, chameleon
anthro, reptile, squamate, gecko
anthro, reptile, squamate, iguanid
anthro, reptile, squamate, komodo dragon
anthro, reptile, squamate, lizard
anthro, reptile, squamate, monitor lizard
anthro, undead, Vampire
anthro, unknown species
exoskeleton, arthropod, myriapod, myriapod
fauna flora, fungus/animal hybrid, Fungi Fauna
fauna flora, plant, Flower Creature
humanoid, celestial being, Angel
humanoid, deity, Asura
humanoid, deity, Deity
humanoid, extraterrestrial, Alien
humanoid, hybrid, demon, Demon
humanoid, hybrid, demon, Succubus
humanoid, hybrid, demon, Yokai
humanoid, hybrid, small demon, Imp
humanoid, hybrid, spirit, Ghost
humanoid, shape shifter, Changeling
humanoid, shape shifter, Were
humanoid, shape shifter, canine, Werecanid
humanoid, shape shifter, canine, Werecanine
humanoid, shape shifter, canine, Werewolf
humanoid, shape shifter, eulipotyphlan Wereeulipotyphlan
humanoid, spirit, Guardian Spirit
humanoid, spiritual entity, Spirit
humanoid, undead, Animated Skeleton
humanoid, undead, Mummy
insect, arthropod
insect, arthropod, arachnid, arachnid
insect, arthropod, arachnid, spider
insect, arthropod, coleoptera, elateroid
insect, arthropod, coleoptera, firefly
insect, arthropod, coleopteran, beetle
insect, arthropod, dipteran, dipteran
insect, arthropod, hymenopteran, ant
insect, arthropod, hymenopteran, bee
insect, arthropod, hymenopteran, hymenopteran
insect, arthropod, hymenopteran, wasp
insect, arthropod, lepidopteran, butterfly
insect, arthropod, lepidopteran, lepidopteran
insect, arthropod, lepidopteran, moth
insect, arthropod, mantodea, mantis
machine, robot
machine, robot, android
machine, robot, animatronic
machine, robot, cyborg
machine, robot, mammal, Protogen
machine, robot, reptile, Synth \(Vader-san\)
otherworldly creature, horrifying, Eldritch Abomination
serpentine, annelida, annelid
serpentine, gastropod, slug
serpentine, gastropod, snail
serpentine, hybrid, marine, Merfolk
serpentine, hybrid, serpent, Naga
serpentine, hybrid, snake, Lamia
serpentine, invertebrate, annelid, worm
small humanoid, Fairy
taur, hybrid, Mammal Taur
taur, hybrid, Taur